<?xml version="1.0" encoding="UTF-8"?>
<project-private xmlns="http://www.netbeans.org/ns/project-private/1">
    <editor-bookmarks xmlns="http://www.netbeans.org/ns/editor-bookmarks/2" lastBookmarkId="0"/>
    <open-files xmlns="http://www.netbeans.org/ns/projectui-open-files/2">
        <group>
            <file>file:/C:/Users/evams/Documents/OLC1_Proyecto1_202201989/Proyecto01_202201989/src/Analizadores/parser.cup</file>
            <file>file:/C:/Users/evams/Documents/OLC1_Proyecto1_202201989/Proyecto01_202201989/src/Inicio/DataForge.java</file>
            <file>file:/C:/Users/evams/Documents/OLC1_Proyecto1_202201989/Proyecto01_202201989/src/Main/Main.java</file>
            <file>file:/C:/Users/evams/Documents/OLC1_Proyecto1_202201989/Proyecto01_202201989/src/clases/Interprete.java</file>
            <file>file:/C:/Users/evams/Documents/OLC1_Proyecto1_202201989/Proyecto01_202201989/src/Analizadores/lexema.jflex</file>
        </group>
    </open-files>
</project-private>
